{
    "cliente_index": 0,
    "orcamento_mensagem": [
        {
            "messa_id": 1,
            "texto": "Oi oh oh oh"
        }
    ],
    "contador_mensagem": 1,
    "valor_total": 30000.0,
    "observacao": "Obrigado pela preferencia!",
    "data_emissao": "30/07/2023",
    "data_vencimento": "09/08/2023",
    "numero_orcamento": 1,
    "matriz": {
        "tipo": "matriz",
        "cnpj_cpf": "06272575010706",
        "nome": "LAVEBRAS GESTAO DE TEXTEIS S.A.",
        "cep": "78.870-000",
        "endereco": "RODOVIA 130",
        "numero_endereco": "KM 3",
        "bairro": "ZONA RURAL",
        "complemento": "ANEXO FRIGORIFICO MINERVA",
        "cidade": "PARANATINGA",
        "estado": "MT",
        "telefone_contato": "(49) 4588-5000",
        "email": "fiscal@elisbrasil.com"
    },
    "cliente": {
        "tipo": "cliente",
        "cnpj_cpf": "73871788104",
        "nome": "Regina Costa",
        "cep": "780000",
        "endereco": "R 24",
        "numero_endereco": "13",
        "bairro": "Rico",
        "complemento": "Amo",
        "cidade": "Aripuana",
        "estado": "Mt",
        "telefone_contato": "65984747977",
        "email": "ashleyregina766@gmail.com"
    }
}