{
    "id": 5494302923,
    "first_name": "Ashley Regina",
    "username": null,
    "date": "30/07/2023",
    "cadastros": [
        {
            "tipo": "cliente",
            "cnpj_cpf": "73871788104",
            "nome": "Regina Costa",
            "cep": "780000",
            "endereco": "R 24",
            "numero_endereco": "13",
            "bairro": "Rico",
            "complemento": "Amo",
            "cidade": "Aripuana",
            "estado": "Mt",
            "telefone_contato": "65984747977",
            "email": "ashleyregina766@gmail.com"
        },
        {
            "tipo": "matriz",
            "cnpj_cpf": "06272575010706",
            "nome": "LAVEBRAS GESTAO DE TEXTEIS S.A.",
            "cep": "78.870-000",
            "endereco": "RODOVIA 130",
            "numero_endereco": "KM 3",
            "bairro": "ZONA RURAL",
            "complemento": "ANEXO FRIGORIFICO MINERVA",
            "cidade": "PARANATINGA",
            "estado": "MT",
            "telefone_contato": "(49) 4588-5000",
            "email": "fiscal@elisbrasil.com"
        },
        {
            "tipo": "cliente",
            "cnpj_cpf": "14736871000182",
            "nome": "STELA CYBELE COSTA MOREIRA & CIA LTDA",
            "cep": "13.201-625",
            "endereco": "R SAO VICENTE DE PAULA",
            "numero_endereco": "37",
            "bairro": "VILA ARGOS VELHA",
            "complemento": "",
            "cidade": "JUNDIAI",
            "estado": "SP",
            "telefone_contato": "(11) 3395-6066",
            "email": "cybele@mednet-jund.com.br"
        }
    ],
    "creditos": 10,
    "mensal": false,
    "mensalidade": []
}